{https://youtu.be/bXFkSEGafmo},{I Got Hypnotized To See If It's Fake},{1240.0}
{https://youtu.be/jtemgoebPPE},{Speedrunning Conspiracy Theories w/ @drewisgooden},{1838.0}
{https://youtu.be/PpZTq5RWqYA},{I'M HIGH SCHOOL MUSICAL},{3048.0}
{https://youtu.be/Yl4xNhMwan0},{The Best Self Defense Videos (w/ @kurtisconner )},{1390.0}
{https://youtu.be/mBwEGPXd_yg},{Unboxing Abandoned Amazon Returns (w/@ClimateTown  )},{2603.0}
{https://youtu.be/T5PRAgnLPM8},{The King Copycats Of YouTube},{2909.0}
{https://youtu.be/22dquW4EYsQ},{Tech Products That Should Not Exist},{3372.0}
{https://youtu.be/PR7Pgy00B-o},{CROC: this movie altered my brain chemistry},{1061.0}
{https://youtu.be/Q9zdNG_C6sU},{Recreating Insane DadToks},{1798.0}
{https://youtu.be/C6L07VdZO4o},{Boomers Getting Tricked By AI On Facebook},{1187.0}
{https://youtu.be/o8vpf-knZ-U},{The Worst Horror Games I Could Find},{1585.0}
{https://youtu.be/JQtTFyyLvHQ},{Jason Nash and Life After David},{1361.0}
{https://youtu.be/XPkrbFMIciU},{Insane Willy Wonka Experience},{713.0}
{https://youtu.be/fc3kKh3gbDA},{Tiktoker Digging A Tunnel System Under Her House},{1406.0}
{https://youtu.be/9FIwYkGc4Qw},{Incredible New Device That Doesn't Do Anything Right},{855.0}
{https://youtu.be/Wz-o4SBcaJs},{I'M ZOMBIES 2},{1249.0}
{https://youtu.be/QwY5bqx1nA4},{This Nutcracker Knockoff Is a Nightmare},{1729.0}
{https://youtu.be/DhdAf3wpOwU},{Trying Futuristic Clothes},{1343.0}
{https://youtu.be/scg2kU1pHc4},{I Made a Fake AI},{1470.0}
{https://youtu.be/t_bFzKZcPNg},{Playing the Most Unhinged VR Games},{1780.0}
{https://youtu.be/1fIRv1mG3DY},{I Faked a Minecraft Speedrun},{1444.0}
{https://youtu.be/7Mjt88HIXZY},{Faking Paparazzi Videos For Clout},{1563.0}
{https://youtu.be/mShDN5QxcMM},{I'M Z-O-M-B-I-E-S},{1303.0}
{https://youtu.be/G09W3NwwAVs},{Influencers Are Faking Mind Powers For Clout},{1551.0}
{https://youtu.be/-R36NON7a2I},{Insane Monster Hunting Show},{1200.0}
{https://youtu.be/ZdcjEIaior0},{Pedro Pascal In A Terrible Game Ad},{620.0}
{https://youtu.be/m8LBvGX2hCQ},{Trying To Find The Worst iPhone Game 3},{1729.0}
{https://youtu.be/smmnfFfJS7w},{I Wasted $1000 On A "Tactical Stroller"},{1685.0}
{https://youtu.be/kEnh_5z4I7w},{I'M PRINCESS PROTECTION PROGRAM},{1248.0}
{https://youtu.be/EuISxGGBflY},{The Lying King},{992.0}
{https://youtu.be/6sh2Ib3DklI},{I Tried Walmart's Terrifying Metaverse Experience},{1409.0}
{https://youtu.be/_tgGmYerbB4},{Trying To Find The Worst iPhone Game 2},{1744.0}
{https://youtu.be/zCoMjByGJZw},{I Tried Ghost Hunting To See If It's Fake},{1545.0}
{https://youtu.be/H2fHTJZqaKA},{The Insane Story Of The Most Dangerous Movie Ever Made},{1163.0}
{https://youtu.be/uubMLkM5L9E},{An Absolutely Terrifying Low Budget RomCom},{1213.0}
{https://youtu.be/KXDWjYWlqpQ},{The Kissing Booth Is Netflix's Worst Romance Movie},{1191.0}
{https://youtu.be/AivQBXds-r0},{Is MGK's New Movie Actually Genius?},{959.0}
{https://youtu.be/lDkGLFGbTsE},{Is Netflix Just Making Bad Movies On Purpose},{1302.0}
{https://youtu.be/fSlAuweAhsA},{Trying To Find The Worst iPhone Game},{1517.0}
{https://youtu.be/2SKUPy0SlHQ},{I Ghosted Kevin Jonas - Official Music Video},{146.0}
{https://youtu.be/ypoP8LE-oMQ},{I'M CAMP ROCK},{1597.0}
{https://youtu.be/My-wATP3kLE},{Stop Trying To Give Birth At Disneyland},{1360.0}
{https://youtu.be/GGGlbe2y5jE},{Smart Houses Are Kinda Tacky},{1143.0}
{https://youtu.be/DUqcrdEZopY},{Animated Stories With Very Good Nice Morals (w/ Chad Chad)},{1680.0}
{https://youtu.be/aDtnSrGq9dM},{Terrifying Masterclass On How To Become Famous},{1356.0}
{https://youtu.be/cKCQUbVx4mo},{The Most Expensive House In The World Is A Disaster},{1061.0}
{https://youtu.be/38ExeUlbH2k},{I Tried Living Like A Caveman Influencer},{1076.0}
{https://youtu.be/vlT3zUrRT6c},{Terrifying Alpha Male Club},{1071.0}
{https://youtu.be/wUSKQ08A7UY},{Zapped Might Be Disney's Most Disturbing Movie},{1167.0}
{https://youtu.be/O2Fft4QLDbU},{The Axel Webber Situation},{861.0}
{https://youtu.be/Hyd5T_I1Qvk},{The Hype House Show Is Kinda Sad},{1505.0}
{https://youtu.be/5zZk0NPxiGM},{The Liver King},{1270.0}
{https://youtu.be/0NYEVhcm6i0},{The New Home Alone Is A Disaster},{1099.0}
{https://youtu.be/_8bzFEBTTvI},{Hollywood's Biggest Player...???},{969.0}
{https://youtu.be/iji6xzorcqc},{The World's Creepiest Dating Show},{1017.0}
{https://youtu.be/fkrE5J1qZ-0},{Twin-tok},{1082.0}
{https://youtu.be/Ud6JonLO29o},{no more spooky songs :/},{204.0}
{https://youtu.be/Q3tSVS4CeW4},{Trying Troom Troom's Awful Kidnapping Hacks},{1877.0}
{https://youtu.be/iO8la7BZUlA},{Alpha And Sigma Males Are At War And They're Both Losing},{1117.0}
{https://youtu.be/tt-BXsEehnA},{Addison Rae's Movie Is A Disaster},{1487.0}
{https://youtu.be/qa66sMRh2MU},{Game Ads Are Still Terrible},{845.0}
{https://youtu.be/SpmHLq-LP58},{MTV Wants You To Forget This Show Existed},{854.0}
{https://youtu.be/lbRXd3KAEGk},{What On Earth Is Troom Troom Doing},{861.0}
{https://youtu.be/QBZHTAa7vfM},{I'M PIXEL PERFECT},{1562.0}
{https://youtu.be/w_6HHWCdl7w},{The Problem With Huge Giveaways On YouTube},{2432.0}
{https://youtu.be/_OKk0wFojB8},{Takis Are Seriously Intense},{670.0}
{https://youtu.be/Cf9yxV1UG60},{Is Varli Ok?},{986.0}
{https://youtu.be/B-lCoGkydCA},{The King Copycat of TikTok},{989.0}
{https://youtu.be/g-1O5cqb80E},{The Kung Fu Panda Ripoff From Your Nightmares},{1468.0}
{https://youtu.be/YUjD6Vytyc4},{DIGTOK (w/ Drew Gooden and Kurtis Conner)},{1575.0}
{https://youtu.be/D8ioOR_EKGQ},{Guava Juice Is Out Of Control},{915.0}
{https://youtu.be/hrtU8nx6q50},{Commercials From My Nightmares (flashing lights 10:40-10:50)},{1034.0}
{https://youtu.be/3n-gWR0mk6k},{I'M BUILDING A BETTER BOY},{1216.0}
{https://youtu.be/5h1VzuUM4NA},{Why Does Anyone Believe Anything On TikTok},{1123.0}
{https://youtu.be/aHS-rwGYjwM},{BANG},{1207.0}
{https://youtu.be/he1xvAwArfo},{Why Did KFC Make A Romance Movie},{1014.0}
{https://youtu.be/shbDX0u0SYI},{Spookley And The Christmas Kittens Is A Confusing Trainwreck},{1284.0}
{https://youtu.be/cSw85xZp7Zw},{Kung Fu.... Rabbit???},{889.0}
{https://youtu.be/0xrIoYlJWNo},{Ultimate Balance},{1263.0}
{https://youtu.be/UZYJZ1xA9lo},{Spooky House: The Worst Halloween Movie Ever},{1871.0}
{https://youtu.be/Xa4Ge7E-4ZA},{I Made A Viral TikTok Song},{1996.0}
{https://youtu.be/8yCW-HMbJIQ},{Spooky Man},{164.0}
{https://youtu.be/3AoJ4Zd4vZw},{How 2 Be Rich},{1080.0}
{https://youtu.be/lZFb-1owQKY},{Straight Up Bothering People},{864.0}
{https://youtu.be/dIYIW4auKmU},{I'M LEMONADE MOUTH},{1661.0}
{https://youtu.be/zLOv-X4i6VQ},{My Dad Is Rich},{105.0}
{https://youtu.be/K0g8DJ9l_zU},{Maybe The Worst Prank},{806.0}
{https://youtu.be/ouOPC_KjIW4},{These Guys Again ("Up" But Everything Is Even Worse)},{1643.0}
{https://youtu.be/1tNlsjtMMAQ},{POV I'm Your Vampire Dad},{1136.0}
{https://youtu.be/j9S3I-_S3QQ},{"Up" But Everything About It Is Bad},{1398.0}
{https://youtu.be/sfjvZXOnUB0},{Joker TikToks Stop Please},{1022.0}
{https://youtu.be/pga1AnmReLQ},{Influencer Paparazzi Makes Me Super Uncomfortable},{1087.0}
{https://youtu.be/H-d7RPkMINY},{Wish Dot Com},{1219.0}
{https://youtu.be/qRIBW9KN83g},{I'M RADIO REBEL},{1538.0}
{https://youtu.be/pfBC9rIZvqE},{How 2 Be Healthy},{976.0}
{https://youtu.be/I878C6eEdTM},{Candy Ken (WARNING: Flashing Colors 1:12-1:25)},{1021.0}
{https://youtu.be/4e4T9xr5fDI},{Hit It If You Know You Lit},{806.0}
{https://youtu.be/b4F_SJHfgqo},{Trying Awful Viral Photo Ideas},{1350.0}
{https://youtu.be/wKBSVk2E9p8},{Scales: The Insane Mermaid Movie Nobody Asked For},{1689.0}
{https://youtu.be/d0rQQ8H5swM},{UPDATE CORNER: Paul Speaks Out},{966.0}
{https://youtu.be/Fw5AjLE2kqw},{The Worst Dating Show On The Radio},{1248.0}
{https://youtu.be/Nn8z7FkJ1nk},{I Changed My Identity On Instagram And Got Away With It (Kind Of)},{1662.0}
{https://youtu.be/IgReQBE0kaM},{Memes That My Older Relatives Post On Facebook},{947.0}
{https://youtu.be/UGtgT5uOtnQ},{Yummy},{128.0}
{https://youtu.be/8Cn-lsWTZdw},{Justin Bieber Why},{983.0}
{https://youtu.be/3MY0grMnE_c},{Lily's Garden Ads: STOP (Badads 5)},{915.0}
{https://youtu.be/9t3DJ0JNeIk},{The Mysterious Return Of Paul Zimmer},{1190.0}
{https://youtu.be/iNj0RC4231g},{Getting Deep With The “Saddest” Videos On Tik Tok (Re-Uploaded Cuz Of Copyright [plus a new song])},{1105.0}
{https://youtu.be/d9J1_7hP1x4},{Getting Deep With The “Saddest” Videos On Tik Tok},{965.0}
{https://youtu.be/egcnXF_5xqg},{This Animated Titanic Movie Is Horrendous},{1208.0}
{https://youtu.be/PuIfbuCHjHw},{The Weird Side Of Amazon 2},{1170.0}
{https://youtu.be/UZd2REpVK3Y},{The Weird Side Of Amazon},{899.0}
{https://youtu.be/f35OGUIXKcI},{Why Is This Channel Taking Over The Trending Page???},{1024.0}
{https://youtu.be/kW56bOk_QcM},{The Children's Movie From Your Nightmares},{1254.0}
{https://youtu.be/S4ULsDVrpjE},{Spooky Ho (Official Music Video)},{139.0}
{https://youtu.be/wW_C5diRSAQ},{These Instagram Accounts Are Trying So Hard To Be Spooky},{1003.0}
{https://youtu.be/4d-oUkwcIwY},{Pitbull's Awful Lyrics (w/ Drew Gooden and Kurtis Conner)},{923.0}
{https://youtu.be/od7P-RhLjLQ},{The Jeremy Renner App (w/ Drew Gooden)},{1380.0}
{https://youtu.be/QBmhS9N0_9U},{Help Let Me Go},{137.0}
{https://youtu.be/9UiXm7chHF4},{The TikTok Mom Is A Superhero Now},{1003.0}
{https://youtu.be/S6EU1-QJGhE},{Getting Spooked With The Most Useless Ghost Hunters Ever},{1113.0}
{https://youtu.be/YRhqMWUH2Ig},{I Spent $20,000 Advertising On YouTube And Now Everyone Hates Me},{1832.0}
{https://youtu.be/_dxjgROKQJ0},{I'm Very Worried About This Movie (Swiped w/ Noah Centineo)},{1259.0}
{https://youtu.be/ath19iRctCk},{Hustle Castle’s Extremely Confusing Ads (Badads 4)},{906.0}
{https://youtu.be/IJwy7QoFb1o},{Third Wheeling With Your Own Girlfriend (with Drew Gooden)},{1210.0}
{https://youtu.be/HeFCmZHjjpE},{The Ratatouille Knockoff From Your Nightmares},{1481.0}
{https://youtu.be/Sh2tWaYElCc},{This Dude Is In Jail Because You Won't Buy His Merch},{1249.0}
{https://youtu.be/QQqydMZjYFE},{The Tea (ft. Alli Fitz) - Official Music Video},{195.0}
{https://youtu.be/NL8ohG3Zv-o},{Awful Game Ads On Instagram 3},{853.0}
{https://youtu.be/wT2boMk4JIQ},{Instagram's Strangest "Magician"},{969.0}
{https://youtu.be/C8NHpvwS3sA},{We Are Not The Same Person},{566.0}
{https://youtu.be/APIvXUbye2c},{This Low Budget Movie Is a Disaster},{1431.0}
{https://youtu.be/6HB610vd3nU},{BAD BOY - Official Music Video},{152.0}
{https://youtu.be/m0gZ0TfZq3U},{Bad Boys On TikTok},{1208.0}
{https://youtu.be/awoxe5jdYBs},{Insane Motivational Memes For Guys},{826.0}
{https://youtu.be/erDE9B-X7mk},{Trying Troom Troom's Awful Crafts 3},{1428.0}
{https://youtu.be/tFSgH_cUm2E},{This Bee Movie Knockoff Is Terrifying},{1232.0}
{https://youtu.be/n6QWKgkpXEs},{Awful Game Ads On Instagram 2},{1042.0}
{https://youtu.be/SH7rgUcLix4},{TikTok’s Weirdest Mom},{953.0}
{https://youtu.be/MbnLKQssfLc},{The Weirdest Commercials On TV},{830.0}
{https://youtu.be/Fn8gITxmaSU},{I Have Been Having Some ISSUES},{851.0}
{https://youtu.be/YbNeOLbFZVg},{This Is The Strangest Low Budget Movie},{1702.0}
{https://youtu.be/wrr9J7BJ6vE},{Billionaire's Son Trying To Be Relatable},{1162.0}
{https://youtu.be/AMeXIZ7O_ng},{SLIME (Music Video)},{184.0}
{https://youtu.be/EL5swb26Y_4},{The Weirdest Children's Channel On YouTube},{994.0}
{https://youtu.be/hllf45NK-KA},{The Strangest Story On The Internet (w/ Drew Gooden)},{1428.0}
{https://youtu.be/-CJ4eUhE3Lw},{Trying Troom Troom’s Awful Crafts 2},{1068.0}
{https://youtu.be/UJi-0nl5icI},{Deeply Troubling WikiHow Articles (w/ Ryan Trahan)},{1108.0}
{https://youtu.be/eSFhd-CGIWU},{I'm Gonna Kill Santa Claus - Official Music Video},{154.0}
{https://youtu.be/bW-gVrZBfqM},{The Worst Christmas Movie Ever Made},{1362.0}
{https://youtu.be/WhXWhwL2Ras},{These Memes Are Awful (Student Memes)},{648.0}
{https://youtu.be/AbCykrHvAuA},{This Dude Really Wants You To Punch Him},{965.0}
{https://youtu.be/k2BaqbbgSiU},{I Am Hot = Comedy?},{973.0}
{https://youtu.be/lUHTTWaagC8},{Awful Game Ads on Instagram},{939.0}
{https://youtu.be/tgl2TtrD6D8},{They Took My Video Down So I Fought Back In the Most Petty Way},{1187.0}
{https://youtu.be/D2ZvUJrMZio},{Papa Has Been Replaced},{932.0}
{https://youtu.be/T1Z_bSwENgI},{Spooky Guy (Official Music Video)},{137.0}
{https://youtu.be/uw0U-26WmDc},{Bad Instagram: Life Ruining Challenges},{1005.0}
{https://youtu.be/V3jN3eLkIZU},{The Disturbing Way All Kids Content Is Connected},{1116.0}
{https://youtu.be/AOqXUwqgENc},{Bad Instagram: Fake Fact Accounts},{936.0}
{https://youtu.be/tc31uZ9wK98},{Unintentionally Terrifying Children's Videos},{761.0}
{https://youtu.be/s9YPS_heaqI},{A Different Kind Of Cringe (Supreme Patty)},{775.0}
{https://youtu.be/ObqbX1eLTwo},{This Dude Could Be In Your House Right Now (Morgz Reaction)},{1018.0}
{https://youtu.be/xhJxIn6UG_U},{This Children's Channel Is Basically A Horror Movie},{1100.0}
{https://youtu.be/Pd675SbbvtY},{Mason Ramsey: Not Your Average Child Star},{649.0}
{https://youtu.be/H-syp3840Dc},{Trying Troom Troom's Awful Pranks},{950.0}
{https://youtu.be/libZUdRtrj4},{Making Bad Music: STOP THAT},{698.0}
{https://youtu.be/JR4CanmB_d0},{I Googled Myself And Hated What I Found},{916.0}
{https://youtu.be/5dseN1kve_Q},{This Family Thinks There’s A Monster In Their Pond (Sharer Fam Reaction)},{904.0}
{https://youtu.be/x5S1wRR07Kc},{NEVER DO ANYTHING AT 3AM (Jaystation Reaction)},{1239.0}
{https://youtu.be/89cXbrLB52c},{Lil Tay Has Disappeared},{1067.0}
{https://youtu.be/SIIdLGj_ukA},{Bad Instagram: Conspiracy Theories},{686.0}
{https://youtu.be/zzRd9eiWthk},{Bad Instagram: Fun Facts!},{748.0}
{https://youtu.be/4wli0ULFIbk},{Relating To The Kids (Hannah Stocking Reaction)},{963.0}
{https://youtu.be/5k8FTYIGYgc},{Trying Ridiculous Tv Products},{1120.0}
{https://youtu.be/pOsciJNxPbY},{Greg Family Dinner},{186.0}
{https://youtu.be/2jjBmB3R7eI},{All Dogs Are Cowards (Dogs Exposed)},{543.0}
{https://youtu.be/ZBAUM3hUfNQ},{More Of The Worst Pranks (Troom Troom Reaction part 2)},{1010.0}
{https://youtu.be/m5iBMc1PzvU},{Bad Youtube: The Dobre Brothers},{1130.0}
{https://youtu.be/wkORnroOOWg},{How Are These Relatable? (Bad Relationship Memes)},{814.0}
{https://youtu.be/IxD7aoy4dpw},{The Worst Commercials On TV},{1200.0}
{https://youtu.be/Ahoe30AtYzc},{Bad Instagram: Shirtless Twins Of Instagram},{758.0}
{https://youtu.be/ka-5Jl4XauM},{Roasting Your YouTube Videos #4},{927.0}
{https://youtu.be/mg6E93bi-XE},{Musical.ly Stars are Scamming Children},{983.0}
{https://youtu.be/mqR0MiRbBRQ},{The Worst "Viral Videos" with Drew Gooden},{1330.0}
{https://youtu.be/Apil6ynY38o},{Meeting Paul Zimmer and Michael Gilgan},{701.0}
{https://youtu.be/4O98cj9_A10},{Getting Roasted By My Own Fans},{348.0}
{https://youtu.be/YaZ5XADpWNY},{Bad Instagram: The Abs Of Brent Rivera},{451.0}
{https://youtu.be/C2aMHg-vlAA},{Bad Instagram: The Gilgan Family},{709.0}
{https://youtu.be/vO4xe_Am0Mc},{Roasting Your YouTube Videos #3},{885.0}
{https://youtu.be/O97o4VmbcAA},{GREG - Danny Gonzalez (Official Music Video)},{95.0}
{https://youtu.be/nP62E0E23ac},{The Worst Pranks Ever (Troom Troom Reaction)},{905.0}
{https://youtu.be/2RYcjr8w4v0},{Mr. Worldwide},{115.0}
{https://youtu.be/eiaY-tb5Mks},{The Horrible Truth About Musical.ly},{775.0}
{https://youtu.be/py0K-Ra3qek},{Weird Science Videos of Instagram},{617.0}
{https://youtu.be/P1eBEBK5dwQ},{Paul Zimmer: Not Your Average Musical.ly Star},{1026.0}
{https://youtu.be/r1GXKpDBB6w},{Beef With Me - Danny Gonzalez (Official Music Video)},{127.0}
{https://youtu.be/5H6QH8XtUh8},{Stopping YouTube Rappers},{162.0}
{https://youtu.be/cqJwvAyD7gk},{Roasting Your YouTube Videos #2},{601.0}
{https://youtu.be/LHzw4k96O9k},{Stop doing this. (TGFBro Reaction)},{770.0}
{https://youtu.be/BekcpNaKkOQ},{MERRY CRINGEMAS (Jake Paul Litmas Reaction)},{586.0}
{https://youtu.be/0BnwE8ma12w},{YouTube *Gone Very Wrong* (Tanner Braungardt Reaction)},{812.0}
{https://youtu.be/RKrquz2yDSo},{Roasting Your YouTube Videos},{641.0}
{https://youtu.be/8XuZadWRtso},{Are You a Jake Pauler?? (Danswers)},{345.0}
{https://youtu.be/rGHxCqRjniU},{Jake Paul Has Lost His Mind},{859.0}
{https://youtu.be/UxwIGrVZMP0},{The Horrible Truth About Logan Paul...},{1094.0}
{https://youtu.be/VtgSndHN5dc},{Lele Pons Teaches Me How To Stand Up To My Bully},{866.0}
{https://youtu.be/1WNs8KQ8pJU},{Relaxing with Tessa Brooks Vlogs},{1116.0}
{https://youtu.be/lFmE_lB31pE},{Spooky Boy - Danny Gonzalez (Official Music Video)},{162.0}
{https://youtu.be/5vzMHwicXsM},{Why Challenge Videos Are The Worst},{570.0}
{https://youtu.be/haPbyI6tc28},{I Don't Like Jake Paul's New Music Video (Jake Paulers Reaction)},{625.0}
{https://youtu.be/WAcIzpoxYIg},{The Horrible Truth About Jake Paul and Team 10},{635.0}
{https://youtu.be/zlbUoLUKKcU},{Youtube's Newest Trend: Paranormal Vlogs (Logan Paul & Lance Stewart)},{947.0}
{https://youtu.be/Ljv3rg-HfOo},{Reacting to Awful Jake Paul/Team 10 Fan Comments},{414.0}
{https://youtu.be/Pj4BTw_2jIM},{Jake Paul's New Song Ruined my Day (Ohio Fried Chicken)},{501.0}
{https://youtu.be/Z7V-hA6GLTM},{We Made A YOUTUBER SONG Parody},{131.0}
{https://youtu.be/QyZy8GpUyvs},{Worst Rapper Ever. - Young Face},{215.0}
{https://youtu.be/-9cGvysd4_M},{We Made a MILEY CYRUS Song Parody!},{140.0}
{https://youtu.be/0_998m5PA8g},{LEAVE MY PIMPLE ALONE},{159.0}
{https://youtu.be/z_Ue462Nlho},{Best Apartment Life Hacks 2017},{198.0}
{https://youtu.be/nbr0AlEkMzw},{We Made a YOUTUBE COMMENTS SONG},{158.0}
{https://youtu.be/mYsCxcF-tTg},{Almost killed in my sleep},{240.0}
{https://youtu.be/h4_pSQxZwMY},{We Made a JUSTIN BIEBER Song Parody},{150.0}
{https://youtu.be/Lvq6GbIOIwY},{Rompers For Guys},{254.0}
{https://youtu.be/XavytlyhSEY},{We Made a TAYLOR SWIFT Song Parody!},{159.0}
{https://youtu.be/wPECl8bF4WA},{My New Apartment Tour!},{385.0}
{https://youtu.be/hYY6qno_Ulc},{Reacting To My OLD VINES},{817.0}
{https://youtu.be/V-oVgPR5wzM},{Reading Mean Hate Comments With My Dad (WARNING: BAD WORDS)},{218.0}
{https://youtu.be/Uwnakru7uHA},{We Made a LOVE SONG parody},{159.0}
{https://youtu.be/F6ab-nBj97w},{This is BETTER Than a Fidget Spinner!},{205.0}
{https://youtu.be/MNYuk9-lya0},{Traveling back in time},{347.0}
{https://youtu.be/M_zz-gJhzgk},{We Made a GENERIC COUNTRY SONG parody},{159.0}
{https://youtu.be/GmFw3udT5mE},{PROM WITH A FAN? - Q&A #DANSWERS},{225.0}
{https://youtu.be/X0HbxvOuDEw},{We Made a DISNEY Song parody!},{130.0}
{https://youtu.be/cDJVPKnszIk},{This was the worst morning ever},{239.0}
{https://youtu.be/NBv2V7lENc0},{THIS WAS A TERRIBLE IDEA - Playing Video Games with my Dad},{236.0}
{https://youtu.be/BEsm-z-uDQs},{We Made a Diss Track!!!},{128.0}
{https://youtu.be/MdZTWyJAnW8},{This was so awkward - Failed Disney Channel Intro},{278.0}
{https://youtu.be/6JBB8qet-3s},{I can't believe I did this... ~*NOT CLICKBAIT*~},{66.0}
{https://youtu.be/2YTeQIRjeSg},{We Made a Kanye West Song! - Danny Gonzalez},{113.0}
{https://youtu.be/ZdxDXZNkCUY},{Please don't hate me for this},{124.0}
{https://youtu.be/kaInb8R1-n4},{DIY Red iPhone! (some blood required)},{134.0}
{https://youtu.be/5WMWp5qBMHk},{We Made a Chainsmokers Song! - Danny Gonzalez},{116.0}
{https://youtu.be/tKROH1i214k},{I look so stupid. #DannyAnswers},{201.0}
{https://youtu.be/wwxij8ln5x0},{The Perfect Selfie},{139.0}
{https://youtu.be/fPM5QT5Xhmg},{The Chainsmokers on their New Song "Something Just Like This"},{166.0}
{https://youtu.be/Gq9i8FhDQKA},{I should have expected this...},{168.0}
{https://youtu.be/73VY22wTlnU},{HE GOT SO MAD},{258.0}
{https://youtu.be/ifkYab5kOzw},{Car Commercial Parody},{44.0}
{https://youtu.be/ArIZ90fWZdE},{Club Penguin is Shutting Down :(},{184.0}
{https://youtu.be/NurwQgPBrTE},{Father Reunited with his Baby 18 Years Later w/ Chris Melberger},{220.0}
{https://youtu.be/XtTsskAzbgM},{I CAN'T BELIEVE HE FELL FOR THIS},{312.0}
{https://youtu.be/qEjuAO2DUh8},{My EPIC New YouTube Video Intro (parody)},{78.0}
{https://youtu.be/ceYCHaSkhVk},{Unboxing Video GONE WRONG (parody)},{200.0}
{https://youtu.be/VqWFLgKT0Ms},{Tomi Lahren Final Thoughts Commercial},{107.0}
{https://youtu.be/se2QhO8nBpg},{Reacting to Really Strange Kids Channels on YouTube},{492.0}
{https://youtu.be/L022Bk61Fu4},{Crazy Fake Uber Story That Didn't Happen! (Storytime)},{191.0}
{https://youtu.be/Qh3VtCz32Mw},{Reacting to Cringey Musical.lys},{159.0}
{https://youtu.be/KGUGY1j2Pnw},{How To Get More Subscribers On YouTube},{164.0}
{https://youtu.be/0J2RTjvl_wY},{Fake Scary Clown Videos (all4tubekids)},{623.0}
{https://youtu.be/jlNUzSyNwec},{Your Dog is not That Cute},{187.0}
{https://youtu.be/31a52MClXhs},{Prank My Friend},{103.0}
{https://youtu.be/zYoy45lfvJw},{I SHOULDN'T HAVE DONE THIS},{155.0}
{https://youtu.be/egwSbYlf1Gc},{My Strange Addiction: Playing Drake Songs},{104.0}
{https://youtu.be/nidx2C8xAEA},{SKRT},{145.0}
{https://youtu.be/AHs520d9Z9w},{LIP SYNCING},{176.0}
{https://youtu.be/Ahddp0_fKVU},{CLICKBAIT},{181.0}
{https://youtu.be/LE9d4QMyaVw},{Do My Homework | Danny Gonzalez},{596.0}
{https://youtu.be/GZuS9ovsZw4},{Make Me Super},{556.0}
{https://youtu.be/MEV20pwK8ow},{My Daily Routine},{231.0}
{https://youtu.be/cu3J3HhYGo8},{Cleaning with Danny},{288.0}
{https://youtu.be/td_mRMt8Gis},{He ruined everything},{222.0}
{https://youtu.be/km3a22ToU_s},{I'M STUCK IN A TIME LOOP - [Danny Gonzalez] Sketch},{166.0}
{https://youtu.be/xXt06W-wiWk},{Action - with JCyrus and Brendon McNerney},{138.0}
{https://youtu.be/T6QAlhDOeXo},{Step on it},{85.0}
{https://youtu.be/hXgzPJ0E_Hk},{When your friend hides his phone from you},{143.0}
{https://youtu.be/xfzy-7eno70},{Danny Gonzalez Vine Compilation},{507.0}
{https://youtu.be/nvjJvFY3i8E},{Decided to give this reacting thing a shot! - [Danny Gonzalez]},{55.0}
{https://youtu.be/rqcCAvPVXj4},{Vape Tricks - [Danny Gonzalez]},{122.0}
{https://youtu.be/NAsBXQ03FeU},{What Did You Forget?},{109.0}
{https://youtu.be/NHASWM-NYM4},{Car So Fast - [Danny Gonzalez]},{137.0}
{https://youtu.be/jaTxqWsQW2o},{1-800-DANNY},{134.0}
{https://youtu.be/XIT0VAHzGbQ},{How to Make a Vine with Danny Gonzalez},{166.0}
{https://youtu.be/0e63BxKwD1E},{Crafts with Danny - [Danny Gonzalez]},{200.0}
{https://youtu.be/Qg5HyccSXBY},{Downhill - Danny Gonzalez},{242.0}
{https://youtu.be/1nzfkp_V2UA},{How to Make a Good First Impression - Danny Gonzalez},{99.0}
{https://youtu.be/mJsGIiDvMnw},{Danny Gonzalez Q&A},{187.0}
{https://youtu.be/tZEHVBr89z4},{The Dragon and the Peasant},{298.0}
{https://youtu.be/GD43C6CvdVQ},{The 9 Friends Everyone Has - Danny Gonzalez},{127.0}
{https://youtu.be/qvMOO4-JSeg},{Go Dumb - Danny Gonzalez},{56.0}
{https://youtu.be/WRe_yup6Nw0},{The Dying Squid - Danny Gonzalez},{133.0}
{https://youtu.be/wtiEuGdHAIo},{Don't Do Your Homework - Danny Gonzalez},{50.0}
{https://youtu.be/PEIy0p2wbKs},{NEW Best Vines of 2014 | FUNNIEST Danny Gonazalez Vine Compilation},{289.0}
