{https://youtu.be/SCkP9VVxKSE},{The internet made me obsessed with protein},{2319.0}
{https://youtu.be/wJsFlCQcwrw},{I watched every SNL movie},{2459.0}
{https://youtu.be/P-TANCVoHlc},{Technology isn't fun anymore},{1562.0}
{https://youtu.be/rbcffQZMEDI},{Cooking every recipe I see online for a week},{1572.0}
{https://youtu.be/2ai5NWd8nuo},{YouTube is obsessed with AI},{1749.0}
{https://youtu.be/DlMLfxxvKD8},{The Online Gambling Epidemic},{1684.0}
{https://youtu.be/Fy5BMlwlh4o},{This rom-com has the plot of a horror movie},{1415.0}
{https://youtu.be/56EyKNjhUDY},{Everybody wants to waste your time},{1831.0}
{https://youtu.be/IjBjm6vm2D0},{The funniest product placement I've ever seen (w/ Danny Gonzalez)},{1903.0}
{https://youtu.be/UShsgCOzER4},{AI is ruining the internet},{2001.0}
{https://youtu.be/Y7i124fZumE},{The dumbest things I've ever bought for this channel},{1211.0}
{https://youtu.be/_S7GU9lDpq8},{Cars are getting dumber},{1918.0}
{https://youtu.be/rZlx5vU4tSo},{Netflix missed the point of Avatar},{2175.0}
{https://youtu.be/GFAeAQ0qQ9c},{My favorite guy on instagram},{1024.0}
{https://youtu.be/Xg0LamQIxUA},{I watched the endings of 10 terrible christmas movies},{1106.0}
{https://youtu.be/J-piNPoWoYc},{How Much More Star Wars Do We Need?},{2094.0}
{https://youtu.be/ykgTrodYaJc},{Trying to find the worst horror movie},{1816.0}
{https://youtu.be/_9Z05Ik5r2U},{I bought the shoes that make you walk faster},{1190.0}
{https://youtu.be/HrjB_QYVGp8},{Trying the weirdest cat toys on the internet},{1235.0}
{https://youtu.be/Xc4YH0nv_90},{Can Guitar Hero make me better at guitar?},{1529.0}
{https://youtu.be/DVa4tfzpZ90},{I 3D printed my friends and surprised them with it},{1235.0}
{https://youtu.be/6HEheIozS5c},{The Future of TV is Bleak},{1193.0}
{https://youtu.be/5CRD9pmqa7s},{I did a dopamine fast because the internet told me to},{1683.0}
{https://youtu.be/iC97eT8W3Xg},{TikTok hates your relationship},{1156.0}
{https://youtu.be/wJRTM36jANc},{I followed a bunch of tutorials on how to get taller},{1198.0}
{https://youtu.be/gKgSvAyPFlU},{YouTube's Terrible Christmas Movies},{1366.0}
{https://youtu.be/Ws_YyegWGKY},{We Ate the Squares},{763.0}
{https://youtu.be/caVoqAfdkYQ},{Do these mental health products even do anything?},{2479.0}
{https://youtu.be/sL-PL1hpnM0},{Low Budget Amazon Movies},{1804.0}
{https://youtu.be/YZDFAmaaa6E},{I've been trying to find this movie for 10 years},{1556.0}
{https://youtu.be/BaVpeJlcQzg},{using AI to write a youtube video},{1739.0}
{https://youtu.be/k9J4H5gkLqw},{I took Ninja's Masterclass and it ruined my life},{2277.0}
{https://youtu.be/1NEseESJK_4},{No one can stop me from buying weird ads (not even you)},{1956.0}
{https://youtu.be/28k53NsAcVg},{I tried to profit at an arcade},{1370.0}
{https://youtu.be/x43XZudPuEQ},{I ate like Tom Brady for a month},{1993.0}
{https://youtu.be/WbAuL4fg5LI},{I am addicted to buying weird ads},{1649.0}
{https://youtu.be/opHii8PBrQU},{What is Good Acting?},{1035.0}
{https://youtu.be/3HFi09o_iLU},{I have more christmas movies to complain about},{1331.0}
{https://youtu.be/ZteAovHJllk},{I can't stop buying weird ads (& getting scammed)},{1293.0}
{https://youtu.be/kVNl1P9StSU},{Peacock's Insane Christmas Movies},{2281.0}
{https://youtu.be/_lh-fm2vl_0},{Twitter Pick-Up Artists},{1190.0}
{https://youtu.be/WU-7kn8EXWA},{The Scooby Doo Movies Are Insane},{1256.0}
{https://youtu.be/G_FUmf0T8YI},{Instagram Boomers},{970.0}
{https://youtu.be/97Z3qSSbwkY},{The best show that no one talks about anymore},{1289.0}
{https://youtu.be/jygerYwwFwg},{The D'amelio Show confuses me},{1044.0}
{https://youtu.be/VpVRjP3I2oI},{The Guy Who Broke 2 Game Shows},{859.0}
{https://youtu.be/UTHKgVPZ-is},{I bought every weird ad I saw for a month},{1803.0}
{https://youtu.be/uxo8kHgqYYg},{Learning the Most Pointless Life Lessons from Dhar Mann},{1026.0}
{https://youtu.be/OrgXCNzdkwA},{I'm Tired of Getting Scammed},{869.0}
{https://youtu.be/vhuSnVFMDHk},{YouTuber Boxing (and other things that make me laugh)},{1182.0}
{https://youtu.be/AGjxX4gvaqk},{I watched one SNL episode from every season},{2256.0}
{https://youtu.be/8f-YvNffXb8},{The Terrible Tik Tok Reality Show},{1176.0}
{https://youtu.be/Xq45598A7Vc},{I bought every ad I saw on instagram for a week},{1375.0}
{https://youtu.be/waZyyWnNJ_Y},{The best and worst show on every streaming service},{1212.0}
{https://youtu.be/nXKbdG2qBJU},{Why Does Pepsi Have a Game Show?},{974.0}
{https://youtu.be/RXrK6t-Yzaw},{MTV's Most Awkward Show},{1076.0}
{https://youtu.be/ycdNmAGk2PQ},{Snapchat is so dumb},{1253.0}
{https://youtu.be/BfzXLjK6Pno},{Rich People Have Bad Taste},{754.0}
{https://youtu.be/YAvs-RqTIhk},{The guys who turned minimalism into a religion},{837.0}
{https://youtu.be/itWEMxATuJk},{The sharkboy and lavagirl sequel that no one asked for},{875.0}
{https://youtu.be/0EX3l7K8VMY},{Let's Leave Pranks in 2020},{1111.0}
{https://youtu.be/e0ClxU3uxQI},{Netflix's Awful Christmas Movies},{1108.0}
{https://youtu.be/hsMujJYPagQ},{Delivery Apps Screw Over Everyone},{840.0}
{https://youtu.be/WAsFLsG0qPY},{My New Favorite Bad Movie},{1137.0}
{https://youtu.be/OebE2GYtFkA},{The 90s Guide to the Internet},{901.0}
{https://youtu.be/aSZrpi0wbPI},{Learning What Love Is},{877.0}
{https://youtu.be/va4P3RKW7T0},{Television is a Confusing, Expensive Mess},{1463.0}
{https://youtu.be/cTU_TsVocJk},{Ranking Terrible Life Hacks with My Wife},{963.0}
{https://youtu.be/FDLUEZX4v8A},{The Most Epic Movie Ever Made},{909.0}
{https://youtu.be/3s3CmyepjMc},{Gender Reveal Parties},{789.0}
{https://youtu.be/0SIIRGgWVb8},{The Death of Laugh Tracks},{1059.0}
{https://youtu.be/5KrRqeZbmrs},{Ellen's Fall from Grace},{1103.0}
{https://youtu.be/n5epdtzmx4w},{The Best and Worst Games on PS Now},{829.0}
{https://youtu.be/hqNOWk5TSeM},{Hilariously Weird Training Videos},{978.0}
{https://youtu.be/JixfMaTULKY},{The Console Wars},{1114.0}
{https://youtu.be/o1TwluWTnIo},{Disney Movies That Haven't Aged Well},{1010.0}
{https://youtu.be/zI-_6wI99kA},{A Hospital Run By Tik Tokers},{1000.0}
{https://youtu.be/aRmo_D00LJc},{Disney Channel Musicals},{923.0}
{https://youtu.be/IZNT-VgSggA},{The Real Drew Gooden},{948.0}
{https://youtu.be/fxvq46lH7JY},{Are the Twitch Beggars Baiting Us?},{985.0}
{https://youtu.be/qeAfdT1Ihpg},{YouTuber Books},{1277.0}
{https://youtu.be/PxEP47T77NQ},{Recreating My Favorite Bad Tik Toks},{721.0}
{https://youtu.be/V_m7Ik9NZWk},{This Movie Has Every Stereotype},{1076.0}
{https://youtu.be/UV2oBnfrXz0},{This is Amanda's Channel Now},{989.0}
{https://youtu.be/dkWKQje05mU},{What is Rick Lax doing?},{824.0}
{https://youtu.be/XlznhdGuvWg},{Trying Relationship Life Hacks},{787.0}
{https://youtu.be/hhSYpPSnfww},{The JayStation Unraveling},{1404.0}
{https://youtu.be/Gu_tfM3JX9k},{Jumping the Shark},{960.0}
{https://youtu.be/hCa_ddzU6w4},{Revisiting Jake Paul's Team 1000 Scam},{935.0}
{https://youtu.be/Vz8X2bhyNnE},{I'm Disappointed},{635.0}
{https://youtu.be/S79hAIZBRN0},{There Are Too Many Christmas Movies},{1109.0}
{https://youtu.be/_3mZLMx5spM},{I Auditioned For Kidz Bop},{855.0}
{https://youtu.be/lex6USTugUU},{Leaving the YouTube Bubble},{1344.0}
{https://youtu.be/Gk8jj0q6RzM},{Insane How-To Videos from the 50s},{734.0}
{https://youtu.be/xZwXr3RwldY},{Overwhelmed by Choice},{718.0}
{https://youtu.be/wRZ0y-3wbWo},{The Dobre Brothers Terrible Apology},{627.0}
{https://youtu.be/GxLwDHjIp4c},{This is the weirdest movie I've ever seen},{1457.0}
{https://youtu.be/YIafrsAWS1Y},{The Ultimate Commentary Video (w/ Kurtis Conner and Danny Gonzalez)},{1123.0}
{https://youtu.be/iI48g7YTZFA},{Losing Your Relatability},{1142.0}
{https://youtu.be/ENWDU_RkUb8},{My Crazy Strange Addiction Obsession},{1047.0}
{https://youtu.be/Tqfo-VjM-ec},{I re-installed the Hooked app because I love to suffer},{1283.0}
{https://youtu.be/k1aGKIKWcyg},{Arrested for Clout},{657.0}
{https://youtu.be/r9cLluDKIhk},{Getting Sent to the Principal's Office with Danny Gonzalez},{803.0}
{https://youtu.be/V3-0OVl_19c},{Pranking My Girlfriend So Hard She CRIES!},{961.0}
{https://youtu.be/Szj0GE9tY-M},{Remember When McDonald's Tried to Make a Movie?},{1325.0}
{https://youtu.be/QRpDIdPFUXg},{Pretending to be Your Boyfriend (with Danny Gonzalez)},{1079.0}
{https://youtu.be/Tfb99MZlqKY},{I paid for the Hooked app and immediately regretted it},{1282.0}
{https://youtu.be/x8ZHRur8LYQ},{The Dumbest Stuff I've Seen This Month},{1048.0}
{https://youtu.be/XvVASCnsal8},{Is SNL Even Funny?},{982.0}
{https://youtu.be/DG4Ox2sTrKU},{Alright Fine, I'll Talk About Tik Tok},{982.0}
{https://youtu.be/dAPMoJf-wR0},{Learning How To Be The Best Reaction Channel},{684.0}
{https://youtu.be/yCdbHiVPYwI},{The World's Hardest Flexer (with Danny Gonzalez)},{1120.0}
{https://youtu.be/HMX-wa3mVkc},{Sequels That Aren't Sequels (The Sequel)},{952.0}
{https://youtu.be/15AGWA9bTjo},{Sequels That Aren't Sequels},{1253.0}
{https://youtu.be/ypd7MhWwmbU},{Stuff Nobody Says},{149.0}
{https://youtu.be/817R3ApVFok},{So Are They Just Gonna Ruin Every Show We Used to Like?},{517.0}
{https://youtu.be/bibPGJBDILQ},{I Think I Found The Weirdest Christmas Movie},{1734.0}
{https://youtu.be/TOtEKat_sHE},{Please Stop Making Life Hacks},{643.0}
{https://youtu.be/NfxDxMqn4T0},{Halloween vs. Christmas},{622.0}
{https://youtu.be/_uX9adalziQ},{Catching Up With The Olsen Twins},{1432.0}
{https://youtu.be/qkaPfyXhJ9g},{Why is Everybody Mad About Everything?},{823.0}
{https://youtu.be/TJvHHgGerJg},{Vin Diesel: King of Cringe},{1200.0}
{https://youtu.be/iKnR2pzb4Gg},{How (Not) To Revive A Show: Arrested Development vs. Community},{1212.0}
{https://youtu.be/rSLWFA_glbk},{LuxuryPranks: Protecting The Kids},{1415.0}
{https://youtu.be/rdt5-S5ZaYo},{The Dobre Brothers: Masters of Prank},{1041.0}
{https://youtu.be/gqibxjObZ-I},{What Happens When Musical.ly Stars Get Their Own Show?},{1208.0}
{https://youtu.be/282lGw6q-SY},{Exploring Facebook Marketplace with Danny Gonzalez},{941.0}
{https://youtu.be/xL0-nAbr_TI},{Reading Mean Comments - Jake Paul Edition},{520.0}
{https://youtu.be/tMNxgi_0eKA},{Jake Paul's Beautiful Disaster of a Live Show},{1174.0}
{https://youtu.be/sz3aopl4OhI},{Maybe Don't Do That - Family Vlogs},{1073.0}
{https://youtu.be/jTRC_FMzLoo},{Efficiency in Comedy: The Office vs. Friends},{1057.0}
{https://youtu.be/3bqgDNYcRZc},{Why Did I Write That Down? | Reading My Old Terrible Jokes},{893.0}
{https://youtu.be/igMQJBgHRuo},{"Dark Secrets" on YouTube},{811.0}
{https://youtu.be/NICir0cWsEY},{Reacting To My Old Vines},{1202.0}
{https://youtu.be/BhiuVWaajaM},{The Worst Fortnite Channel On YouTube},{875.0}
{https://youtu.be/5zMsqqWuVPA},{Nobody Should Say This To Their Mom},{744.0}
{https://youtu.be/LFOUK8OCopM},{Life Hacks Are Only Getting Worse},{1093.0}
{https://youtu.be/lz7UgBP-m7w},{I Joined Team 10 So You Don't Have To},{1205.0}
{https://youtu.be/SIoSBhVyxOI},{Logan's Failed Apology and Facebook's Hypocrisy},{772.0}
{https://youtu.be/Zt2tusj0IGU},{I Quit My Job To Do YouTube},{719.0}
{https://youtu.be/rk95JDlI9es},{Why Did You Think This Would Work?},{952.0}
{https://youtu.be/Strwla1ELdA},{Vine: Where Are They Now?},{2889.0}
{https://youtu.be/LrZogmmpF5I},{Top 10 Top 10 Lists},{699.0}
{https://youtu.be/y4-yJ5hg8Ww},{Going Private Soon! The Secret To Instagram Success},{1539.0}
{https://youtu.be/gIOJWGyATBA},{Microsoft Paint Tutorial | 5,000 Subscriber Special!},{653.0}
{https://youtu.be/NaM-zlOip08},{Why Is YouTube Music So Bad?},{890.0}
{https://youtu.be/pnJYNke99OA},{Canada's Worst | 5 Days With Piques},{1328.0}
{https://youtu.be/I1DF3JLKTKA},{Completely Pointless Life Hacks},{624.0}
{https://youtu.be/s9X9qymgshE},{Rick Lax: The Biggest Con Artist On Facebook},{650.0}
{https://youtu.be/jYLiQaPLCaE},{Relatable Comedy Is The Death Of Comedy},{678.0}
{https://youtu.be/CEvNBOI13-Y},{Are We Really Doing This?},{630.0}
{https://youtu.be/TlmIXuGbNjc},{Smash or Pass: Family Edition},{276.0}
{https://youtu.be/-UoCoYuHhd8},{EVERY VLOG EVER (Parody)},{433.0}
{https://youtu.be/iBPdatKopnk},{Good cop/Bad cop},{99.0}
{https://youtu.be/YPUs7pjw41g},{VINE IS GONE AND NOW I'M HOMELESS},{338.0}
{https://youtu.be/Ov5bq18OPUI},{DREW GOODEN ULTIMATE VINE COMPILATION},{631.0}
{https://youtu.be/YoyetnYrKqg},{The Problem With Gift Cards},{88.0}
{https://youtu.be/B_yxxTsd9sQ},{Piques Explains Where Vine Went Wrong},{129.0}
{https://youtu.be/gm3b-E8o2Ac},{I Can't Keep Up With Internet Trends},{122.0}
{https://youtu.be/Xbxvkzl2j-I},{The King of Vape},{82.0}
{https://youtu.be/z_oIeZTO0zk},{The World's Greatest Magician},{58.0}
{https://youtu.be/_MiCrgQA_tg},{Kickstarter Denied Our Project And We Are Furious About It},{209.0}
{https://youtu.be/CAiIThNkOvE},{Pre-Google (ft. Gabriel Gundacker)},{171.0}
